Product Name,Best For,Use Case,Direct URL,Category,Technology
L'Original Leggings,"Swelling, Travel, Cellulite","Maximum lymphatic drainage, improve skin texture, training, travel",https://www.elastiqueathletics.com/products/loriginal-leggings,Leggings,MicroPerle + Compression
L'Original Stirrup,"Travel, Foot Compression","Maximum lymphatic drainage, better skin texture, training, foot compression",https://www.elastiqueathletics.com/products/loriginal-stirrup-leggings,Leggings,MicroPerle + Compression
L'Original Bike Short,"Summer Swelling, Under Dresses","Lymph drainage, improve skin texture, training, travel, water sports",https://www.elastiqueathletics.com/products/loriginal-bike-short,Bike Shorts,MicroPerle + Compression
L'Original Flowy Short,"Workouts, Breathable","2-in-1 silhouette, breathable & moisture-wicking, lymphatic drainage",https://www.elastiqueathletics.com/products/loriginal-flowy-short,Bike Shorts,MicroPerle + Compression
Lisse Leggings,"Postpartum, Everyday Comfort","Sculpt, boost circulation, low to HIIT training, long travel, recovery",https://www.elastiqueathletics.com/products/lisse-leggings,Leggings,Compression Only
Lisse Bike Short,"Daily Wear, Budget-Friendly","Reduce swelling, training, travel, water sports",https://www.elastiqueathletics.com/products/lisse-7-5-bike-short,Bike Shorts,Compression Only
Adorn Leggings,"Elegant Style, Cellulite","Max lymph drainage, improve skin texture, training, travel",https://www.elastiqueathletics.com/products/adorn-leggings,Leggings,MicroPerle + Compression
Adorn Bodysuit,"Core Support, Tummy Control","High support, lymph drainage, versatile wear, swim, tummy control",https://www.elastiqueathletics.com/products/adorn-bodysuit,Bodysuits,MicroPerle + Compression
Adorn Bra,Medium Support,"Med support, lower coverage, lymphatic drainage, travel, training",https://www.elastiqueathletics.com/products/adorn-bra,Bras & Tops,MicroPerle + Compression
Adorn Tank,"Layering, Light Support","Med support, hip length, lymphatic drainage, travel, training",https://www.elastiqueathletics.com/products/adorn-tank,Bras & Tops,MicroPerle + Compression
Iconic 3/4 Sleeve Top,"Arm Compression, Workouts","Built-in bra, lymphatic drainage, sculpting compressive fit",https://www.elastiqueathletics.com/products/iconic-top,Bras & Tops,MicroPerle + Compression
Iconic Tank,"Built-in Bra, Training","Built-in bra, lymphatic drainage, sculpting compressive fit",https://www.elastiqueathletics.com/products/iconic-tank,Bras & Tops,MicroPerle + Compression
L'Original Bra,Maximum Support,"Max support, high coverage, lymphatic drainage, travel, training",https://www.elastiqueathletics.com/products/loriginal-bra,Bras & Tops,MicroPerle + Compression
L'Original Tank,Medium Support,"Med support, hip length, lymphatic drainage, travel, training",https://www.elastiqueathletics.com/products/original-tank,Bras & Tops,MicroPerle + Compression
Lisse Bra,Compression Only,"Max support, long line, low to HIIT training",https://www.elastiqueathletics.com/products/lisse-bra-color,Bras & Tops,Compression Only
Lisse Tank,Everyday Training,"Med support, hip length, travel, low to HIIT training",https://www.elastiqueathletics.com/products/lisse-tank,Bras & Tops,Compression Only
Le Monde Leggings,Extra Waist Support,"Extra waist support, max lymph drainage, better skin texture",https://www.elastiqueathletics.com/products/le-monde-leggings,Leggings,MicroPerle + Compression
Le Monde Bra,Maximum Coverage,"Max support, high coverage, long line, lymph drainage",https://www.elastiqueathletics.com/products/le-monde-bra,Bras & Tops,MicroPerle + Compression
The Fierce Leggings,"Leopard Print, Cellulite","Max lymph drainage, improve skin texture, training, travel",https://www.elastiqueathletics.com/products/the-fierce-leggings,Leggings,MicroPerle + Compression
The Fierce Bra,Leopard Print,"Max support, high coverage, lymphatic drainage",https://www.elastiqueathletics.com/products/the-fierce-bra,Bras & Tops,MicroPerle + Compression
The Fierce Tank,Leopard Print,"Med support, hip length, lymphatic drainage",https://www.elastiqueathletics.com/products/the-fierce-tank,Bras & Tops,MicroPerle + Compression
Riviera Bodysuit,Swim-Friendly,"High support, tummy control, lymph drainage, swim, travel",https://www.elastiqueathletics.com/products/riviera-bodysuit,Bodysuits,MicroPerle + Compression
Le Cha-Cha Jumpsuit,All-in-One Elegance,First-of-its-kind jumpsuit combining performance & daily lymphatic support,https://www.elastiqueathletics.com/products/le-cha-cha-jumpsuit,Bodysuits,MicroPerle + Compression
Iconic LS Bodysuit - Brief,"Full Coverage, Arm Compression","Sculpt, lift, prevent fatigue & swelling in arms, core & pelvic region",https://www.elastiqueathletics.com/products/iconic-microperle-long-sleeve-bodysuit-brief,Bodysuits,MicroPerle + Compression
Iconic LS Bodysuit - Thong,Seamless Under Clothes,"Sculpt, lift, prevent fatigue & swelling in arms, core & pelvic region",https://www.elastiqueathletics.com/products/iconic-microperle-long-sleeve-bodysuit-thong,Bodysuits,MicroPerle + Compression
Le Divine Bra,Medium Support,"Med support, lower coverage, lymphatic drainage",https://www.elastiqueathletics.com/products/divine-bra,Bras & Tops,MicroPerle + Compression
Rise Leggings - Vie en Rose,Limited Edition Pink,"Sculpt, boost circulation, low to HIIT training, long travel",https://www.elastiqueathletics.com/products/lisse-leggings-vie-en-rose,Leggings,Compression Only
Rise Bra - Vie en Rose,Limited Edition Pink,"Max support, long line, low to HIIT training",https://www.elastiqueathletics.com/products/lisse-bra-vie-en-rose,Bras & Tops,Compression Only
